Korea,-0.685868318,-0.725410227,-0.715081054,-0.440416684,-0.532661996,-0.761533173,-0.660217138,-0.693876921,-0.640552087,-0.05867574,-0.596926987,-0.504862385,-0.455075777,-0.624858373,-0.334795735,-0.136082763,-0.084656223,-0.363044632,0.353006996,-0.024892427,-0.151447837,-0.369681207,0
Korea,-0.286735873,-0.312549904,-0.327418144,0.11217006,-0.27058787,-0.171244131,-0.441485534,-0.403609908,-0.397703594,0.169448845,-0.696841275,-0.425407491,-0.360400144,-0.215731031,-0.117952579,-0.136082763,0.155937245,-0.117751457,0.644814289,-0.004164434,-0.151447837,-0.220020962,0
Korea,-0.683101327,-0.534780568,-0.457036431,-0.366510627,-0.358241195,-0.372353643,-0.65858611,-0.430028007,-0.517448666,0.175123853,-0.615778084,-0.375012363,-0.217755224,0.368235016,-0.084194751,-0.136082763,-0.246889683,-0.242915519,0.542598988,-0.180240889,-0.151447837,-0.223598916,0
Korea,-0.516001847,-0.175945055,-0.467598616,-0.271319166,-0.079617236,-0.240248861,-0.483636068,-0.108499476,-0.316822067,0.345653649,-0.637823106,-0.418760789,-0.325040681,0.384239486,-0.093049828,-0.136082763,0.278588566,-0.487494918,0.471705296,0.088177618,-0.151447837,-0.216938366,0
Korea,0.225748935,-0.036018717,-0.148632457,-0.11714375,0.190233344,-0.051278502,-0.290468226,0.464535045,-0.195190202,0.794594345,-0.207030978,0.378327951,0.05586891,0.704682407,0.356076878,-0.136082763,1.032182691,0.583671496,1.037940229,0.202086387,-0.151447837,0.45942687,0
Korea,0.317713792,0.212663738,-0.094907946,0.257535199,0.051362416,0.553171709,-0.515568867,0.612715937,-0.555261452,0.34651497,1.142448378,1.813763065,1.766070913,1.540372284,1.054490231,-0.136082763,1.364984383,2.060818148,0.783744846,1.279134179,-0.151447837,1.66288484,0
Korea,-0.49785371,-1.148474487,-0.842141338,-0.814934927,-0.725355139,-0.717196075,-0.977424989,-0.299890472,-1.10138246,-0.130098221,0.997558774,0.897478383,0.91600616,0.172466677,0.04361669,-0.136082763,1.152143829,1.201166057,1.711352154,0.217069373,-0.151447837,0.457247871,0
Korea,-0.779928967,-0.541471699,-0.660527874,-0.4449413,-0.53186931,-0.633239623,-0.589982827,-0.498830581,-0.473617731,-0.538473925,-0.881504495,-0.761609769,-0.671872272,-0.888142736,-0.627507865,-0.136082763,-0.155104291,-0.67802482,0.006645377,-0.443112492,-0.151447837,-0.476670774,0
Korea,-0.118072627,-0.262935969,-0.227791512,-0.060998771,0.010994452,-0.231578352,-0.546315051,0.209495707,-0.38582888,0.58833085,0.977058639,0.68159677,1.129015492,1.014555011,-0.072675828,-0.136082763,0.90456571,1.086447767,0.371675126,0.24654223,-0.151447837,0.699897318,0
Korea,-0.216792976,-0.332963212,-0.490224075,-0.40778272,-1.668489839,-0.853455559,-0.45263273,-0.509425055,-0.478648767,-0.337069035,-0.365865071,-0.399465489,-0.132006617,-0.823813909,-0.463259677,-0.136082763,-0.311728753,-0.543677274,-0.746907704,-0.640780534,7.162331956,-0.377823271,0
Korea,0.591386535,0.05667413,-0.014696302,-0.222775869,-0.059218877,-0.248965224,-0.013110175,0.055781432,0.022427419,-0.393217266,0.42192333,0.096898027,0.569363121,-0.373047551,-0.096570037,-0.136082763,-0.157623098,0.423155433,-0.840003333,-0.284090964,-0.151447837,-0.478271857,0
Korea,-0.13926433,-0.219024743,-0.590528594,-0.517001657,-0.331367548,-0.650991569,-0.211433943,-0.365152612,-0.493969882,-0.551194157,-1.14550665,-0.390717364,-0.44158298,-0.784216402,-0.250226732,-0.136082763,-0.374861796,-0.473295606,-0.153269401,-0.329035634,-0.151447837,-0.229446967,0
Korea,-0.252505212,-0.445506551,-0.358780539,-0.542510554,-0.455527523,-0.660438963,-0.177564359,-0.509737892,-0.372708456,-0.438922869,-1.095509004,-0.315733738,-0.379987915,-0.291966502,-0.216741676,-0.136082763,-0.510489752,-0.192880707,-0.807003537,-0.426422898,-0.151447837,-1.058860229,0
Korea,-0.500438211,-0.667639098,-0.661434909,-0.623470876,-0.723554127,-0.917724907,-0.550319959,-0.608430661,-0.619227652,-0.412936818,-1.260019256,-0.484135141,-0.702902558,-0.705258301,-0.417266538,-0.136082763,-0.14277525,-0.725235121,-0.341654238,-0.324110484,-0.151447837,-1.013655262,0
Korea,-1.533394415,-1.682045699,-1.565598906,-1.62985756,-1.624805199,-1.873833589,-1.406683645,-1.668671255,-1.494872218,-1.140953778,-0.228300663,-1.416979435,-1.41124151,-1.382160216,-1.23090357,-0.136082763,-1.249144344,-1.349482557,-1.225267451,-0.93355379,-0.151447837,-1.381348022,0
Korea,-0.926262257,-0.660721184,-0.744842841,-0.692909304,-0.796162535,-0.688806717,-0.883585645,-0.885342836,-0.82047896,-0.637184226,-0.835921639,-1.243190581,-0.604883884,-0.825722155,-0.953316709,-0.136082763,-0.672264403,-0.603674632,-0.862718548,-0.837797665,-0.151447837,-0.999205661,0
Korea,-0.938025386,-0.502951227,-0.644787963,-0.898626511,-0.611421012,-1.289677174,-0.349420098,-0.786215233,-0.236282245,-0.778157646,-1.597666827,-1.149461787,-1.311010958,-0.802930546,-0.964718626,-0.136082763,-1.042930988,-1.252288798,-0.866518499,-0.873594403,-0.151447837,-1.014451249,0
Korea,-1.222519518,-1.257873414,-1.172967705,-1.202638688,-1.15315674,-1.09731974,-1.277167811,-1.182892189,-1.328434663,-0.687955086,-0.43506098,-0.525545982,0.34075559,-0.070334111,-0.76728615,-0.136082763,-0.304018364,0.814722199,-0.899519352,-0.660010315,-0.151447837,-0.372148879,0
Korea,-0.994259367,-0.240316705,-0.551405829,-0.09874222,-0.12002152,0.552178778,-0.73092268,-0.535208872,-0.521719671,0.313042916,-0.013879556,0.118115097,0.283982018,0.402990647,-0.314978049,-0.136082763,0.049083498,0.409733272,-0.587489307,-0.262613436,0.712955593,0.760786291,0
Korea,-0.874162696,-0.991775535,-0.937835922,-0.685185768,-0.867278406,-0.619760101,-1.016991952,-0.653171545,-1.019420205,0.026517834,-0.671365099,-0.028110037,-0.180915353,-0.381420885,-0.213881147,-0.136082763,0.208509171,-0.229995432,0.183045266,-0.047905045,-0.151447837,-0.207228243,0
Korea,-0.985545308,-1.078053221,-1.009533827,-1.07295936,-1.01333278,-0.79529591,-0.976953756,-0.723386952,-1.100975565,-0.129006557,-0.884600056,-0.216901309,-0.405813279,-0.538056286,-0.127175182,-0.136082763,-0.434344871,-0.364327954,0.194373302,-0.355897981,-0.151447837,0.035380209,0
Korea,-0.839327582,-0.877705035,-0.856532326,-0.986803424,-0.80597095,-0.544405376,-0.959993932,-0.47069238,-1.005357157,0.462613746,-0.020493063,0.235805715,-0.029882408,-0.196104408,-0.127417807,-0.136082763,0.091167422,-0.379604896,0.494846131,0.050992439,-0.151447837,-0.115711444,0
Korea,-0.067324342,0.246352647,-0.065935285,0.048314928,0.225342737,1.029775895,-0.129439135,-0.159778571,0.183850004,0.367032005,0.768435199,2.298423264,2.146922221,0.73993222,-0.020527348,-0.136082763,1.377146689,2.10551835,1.06254697,-0.033741917,-0.151447837,1.370879681,0
Korea,0.231978437,0.193455279,-0.064026743,0.235103909,0.321283111,0.89606267,-0.122269376,-0.102958499,0.02738585,0.546053418,1.0746122,1.854991091,1.896883111,0.701554437,-0.100033538,7.212386465,0.3991884,2.143655253,0.955838899,0.311226089,-0.151447837,1.340471635,0
Korea,0.065523706,0.594782036,0.122865109,0.381852487,0.209402037,0.876499462,0.056964348,-0.111635448,0.18410273,0.908113108,1.36538083,2.193986831,2.087499727,1.680536795,-0.152611995,-0.136082763,1.281220797,2.092480529,0.836703361,0.162891013,-0.151447837,1.399682659,0
Korea,-0.188940577,0.016967449,-0.096504407,0.164009089,-0.051978591,0.682509777,-0.240900532,-0.046207272,-0.01847647,0.303841347,0.694760852,1.620879438,1.649708281,1.952634999,-0.161694622,-0.136082763,1.47787847,1.648166438,0.354974563,0.2971916,-0.151447837,1.460676398,0
Korea,-0.638374491,-0.850069624,-0.717925778,-0.970244465,-0.825850325,-0.942565375,-0.376316284,-0.847013105,-0.571106248,-0.66321651,-0.768525205,-1.006938708,-1.093413868,-1.258466595,-0.815689743,-0.136082763,-1.029621273,-1.097124828,-1.080613733,-0.604290862,-0.151447837,-1.031356565,0
Korea,-0.958840393,-1.041730421,-0.817220437,-1.078264413,-0.952185913,-1.048534735,-0.547131377,-1.150786312,-0.747319163,-0.997998581,-1.733165599,-1.203069776,-1.11763262,-0.993025969,-0.977232452,-0.136082763,-1.079959116,-1.273354621,-1.1929647,-0.913404671,-0.151447837,-1.222126831,0
Korea,-0.734421934,-0.720907707,-0.694124413,-0.835574049,-0.862688253,-0.854675118,-0.344090407,-0.837123276,-0.461715828,-0.609088064,-0.858470051,-1.171476749,-1.106375194,-0.985650253,-0.453500859,-0.136082763,-0.525115932,-1.124575574,0.030897259,-0.53154564,-0.151447837,-0.943291318,0
Korea,-1.006405405,-1.173300223,-1.194373627,-1.180022407,-1.169909426,-0.863364145,-1.338839633,-1.180981751,-1.399518276,-0.837566555,-0.194747098,-0.08585677,0.818323627,-0.523221565,-1.016210297,-0.136082763,-0.632493479,0.268224745,-0.152841669,-0.593408022,-0.151447837,0.009167319,0
Korea,-0.730374675,-1.13251477,-1.178781132,-1.020607775,-1.014933055,-0.620052425,-1.242257419,-0.768829443,-1.383651853,-0.336715951,0.690415495,0.263203067,1.647838419,0.170103117,-0.505848177,-0.136082763,0.114869973,1.360386778,0.301462636,-0.507236344,-0.151447837,0.238560575,0
Korea,-0.79679293,-1.014625723,-0.921986394,-1.032126539,-0.995441473,-1.212138177,-0.607195254,-1.064900156,-0.645599188,-0.878429348,-1.421520738,-1.181504578,-1.306769581,-1.409395764,-0.983607448,-0.136082763,-1.160055325,-1.25724972,-0.972869599,-0.787141434,-0.151447837,-1.195231828,0
Korea,-0.833580045,-1.011733465,-0.837857365,-0.913569336,-0.970801745,-0.910933559,-0.517753865,-0.963727463,-0.711386373,-0.840576159,-1.130179285,-1.093087958,-1.234551422,-1.40236431,-1.030286827,-0.136082763,-0.934504679,-1.198547977,-1.083229764,-0.851949644,-0.151447837,-1.124145347,0
Korea,-0.97304796,-1.194639044,-1.160966932,-1.205842572,-1.088204017,-0.627102146,-1.320089157,-0.907913231,-1.395703908,-0.505097957,2.174352125,0.083927447,1.20388197,-0.079486662,-0.352330022,-0.136082763,-0.494809007,0.842070783,-0.125352752,-0.221109425,-0.151447837,0.232242219,0
Korea,-0.588597591,-0.152833652,-0.22413158,-0.343643194,-0.135122219,-0.144367979,-0.258599147,-0.444238846,-0.214247211,-0.534852923,-0.821739921,-0.305294523,-0.777658345,-0.793579952,-0.431340196,-0.136082763,-0.762975888,-0.609334034,-0.892778082,-0.400822926,-0.151447837,-0.769591487,0
Korea,-0.427591811,-0.331172766,-0.164935231,-0.201524356,-0.197682224,-0.469283892,-0.256698774,-0.449706423,-0.124317297,-0.573157915,-0.294487803,-0.74612132,-1.078147894,-0.09623148,-0.816683211,-0.136082763,-0.997469054,-0.908807276,-0.847457489,-0.506741513,-0.151447837,-0.825070828,0
Korea,0.805001711,0.797708454,1.172698605,1.055506117,0.972419897,0.368325189,1.251530527,0.802634367,1.165324893,0.266931579,0.155033914,-0.349189496,-0.41956993,-0.330596004,0.088579752,-0.136082763,-0.623428714,-0.384045988,-0.263956965,-0.209853533,-0.151447837,0.081594678,0
Korea,1.264140952,0.321273326,0.86481849,0.201948538,0.591675233,0.412186103,0.871532834,0.852991147,0.73504561,-0.547336066,0.929201848,0.01788678,-0.060015112,-0.431862637,0.406343223,-0.136082763,0.681157462,-0.168014907,-0.937924414,0.191109213,-0.151447837,-0.719863405,0
Korea,0.439680805,0.636741013,0.52394238,0.298584418,0.764400236,0.330660833,0.537394092,0.385523223,0.64874469,-0.634929985,0.723621894,-0.398320523,-0.603673654,-0.050552016,0.368170059,-0.136082763,-0.966730787,-0.515342844,-0.75014157,0.275805834,-0.151447837,-0.459012175,0
Korea,2.691839374,1.744085366,2.048018006,1.340671016,1.944408087,1.88084642,2.234169611,2.310863916,2.122948706,1.221660459,2.074165891,0.786352233,0.868498315,2.054947374,1.227548992,-0.136082763,0.259262882,0.277724279,2.155527129,0.721425098,-0.151447837,0.233443601,0
Korea,1.082598692,2.194165007,1.654634638,1.462329571,1.47754946,1.370976404,1.914394444,1.1944431,1.579615406,0.389197477,0.41106283,0.036224569,-0.232496805,0.720107555,0.475707278,-0.136082763,-0.07652455,-0.392798693,0.19458664,-0.051484633,-0.151447837,0.231972336,0
Korea,1.089141515,1.185737604,1.37176623,1.277362762,1.290122869,1.006061954,1.560558859,1.257648507,1.182297995,0.415213637,0.150549691,0.207752591,-0.058999609,-1.151586274,0.696759035,-0.136082763,-1.040772342,-0.275865866,-0.897280359,0.669883832,-0.151447837,1.213248185,0
Korea,-0.45640299,-0.513106492,-0.263588481,-0.435530828,-0.642597104,-0.766391127,-0.210509683,-0.716988961,-0.064000173,-0.744037175,-0.810676907,-1.245508345,-1.163494848,-1.228847127,-0.828447629,-0.136082763,-1.377702928,-1.238164333,-1.131660656,-0.856291632,-0.151447837,-1.415762761,0
Korea,0.86649381,1.168286713,1.326432441,1.592945618,1.067004056,1.102602438,0.903979942,1.266400376,1.020458937,-0.278081161,1.401433988,0.581367188,0.021094833,0.033649599,1.039441768,-0.136082763,0.282863691,0.355405695,-0.09191255,0.512230164,-0.151447837,0.425678299,0
Korea,0.917911697,1.127536727,1.051605174,1.068491535,0.862004487,0.968532076,1.040166831,0.835056119,1.003282851,-0.295153572,1.514511642,0.180185286,-0.077800641,1.232729978,1.266923076,-0.136082763,1.169294232,-0.10926536,0.707991905,1.092870392,-0.151447837,-0.612310726,0
Korea,1.285794915,1.145296985,1.257314174,1.439821975,1.427782129,0.885347217,1.702229538,1.674094997,1.532381014,1.136770116,0.181968186,-0.016943568,-0.684419295,0.589989564,0.948571706,-0.136082763,0.371500091,-0.442319957,-0.60261835,0.363834199,-0.151447837,-0.047363088,0
Korea,0.713348932,1.281292938,1.122450672,1.191166892,1.124906154,1.3410831,0.690684662,0.599300354,0.70960712,1.066204185,0.794796648,0.726147936,0.71744534,0.742567858,0.585888242,-0.136082763,1.168277966,0.530214219,0.164860843,0.519059167,-0.151447837,1.51638178,0
Korea,2.928537542,1.843155316,1.987114979,2.583732403,2.228781668,2.963669311,1.114646624,3.079643347,1.586521185,5.778495902,2.585014429,3.464009049,2.623779873,3.704886654,5.424294282,-0.136082763,4.186058781,2.45566752,4.326687916,6.171540875,-0.151447837,3.984685466,0
Korea,1.584856445,2.373808641,1.722360712,2.073779929,1.751747518,1.786767982,1.674135846,1.451190897,1.620424136,0.966583038,0.527311264,0.046224354,-0.257614345,0.604509637,1.08726823,-0.136082763,0.754094936,-0.279375471,0.777617187,0.439944611,-0.151447837,0.838783278,0
Korea,1.309869528,1.275778955,1.551063218,0.664896573,1.289975635,0.281816305,1.803093646,1.333074336,1.8740626,0.423320252,-0.451377768,-0.023197862,-0.171506705,-0.638545554,0.085788852,-0.136082763,0.091241311,-0.454021462,-0.745925504,0.0594886,-0.151447837,-0.01948933,0
Korea,2.001985248,2.039090297,2.571468402,2.537639427,2.468756589,2.216259536,2.06492979,2.092101121,2.230863244,-0.271861719,0.143600591,0.776335579,0.429932479,0.71271333,1.470658764,-0.136082763,1.088668033,1.058628523,1.136648126,0.799406775,-0.151447837,1.42819184,0
Korea,1.318127364,1.081967345,1.051074102,1.045713683,1.143518892,0.632383962,2.004643219,1.130960795,1.811899466,-0.669897627,-0.016957759,-0.034004815,-0.538996238,0.406536913,0.314089196,-0.136082763,0.204514515,-0.622802906,0.524612061,-0.158353431,-0.151447837,-0.373929884,0
Korea,-0.074591266,0.377459305,0.564815694,0.550480404,0.479018085,0.373490899,0.317617779,-0.112675204,0.601464264,-0.033199572,-1.322757883,-0.820431462,-0.686833128,-0.272695247,-0.241006282,-0.136082763,-1.377702928,-0.712017832,-0.777229158,-0.404605763,-0.151447837,-0.019638506,0
Korea,-0.266333598,-0.083483133,-0.021780106,-0.269576862,-0.256654945,-0.632452156,-0.060117055,-0.409927918,-0.02976355,-0.526215367,0.115480169,-1.0230416,-0.872529609,-0.085070735,-0.57924712,-0.136082763,-1.377702928,-0.651133512,-0.449594812,-0.411704908,-0.151447837,-0.548037957,0
China,3.304451461,4.71482176,-0.968843357,-1.33540198,-1.246256727,-1.010756171,-0.770332354,-1.348844948,-1.381497653,-1.14463999,4.000962174,1.17416236,2.812213592,-0.984525532,0.30518578,1.481762993,3.85751969,2.493295258,3.730218417,1.400453092,-1.148706375,2.703762725,-0.55409278
China,2.447883443,3.040785606,-0.946120467,-1.321892879,-1.250271054,-1.097973776,-0.785082494,-1.400111128,-1.381881525,-1.205954508,2.7211891,1.218368795,2.153453035,-1.002916166,-0.114627185,3.332144211,2.594415926,2.391829145,1.73819431,1.015118052,-1.148706375,2.931533634,-0.55409278
China,2.762387578,2.893129133,-0.932936568,-1.345609236,-1.206038337,-1.102783451,-0.770489236,-1.411069221,-1.383006212,-1.050203877,2.933131268,1.16849546,2.768741179,-0.983155185,0.089987173,-0.377915822,2.62715675,2.295389583,2.284853277,1.587161913,-1.148706375,2.481458551,-0.55409278
China,2.597816377,1.627587804,-0.919229164,-1.276962603,-1.238032023,-1.109245427,-0.762101865,-1.403815972,-1.380619382,-1.300863868,3.065349947,1.021683151,2.28555294,-1.087376056,-0.13116057,-0.377915822,2.650693945,1.865421951,1.957578653,0.489409169,-1.148706375,2.607691089,-0.55409278
China,-0.939949009,-0.285495914,-1.338010071,-1.309978319,-1.285434255,-1.68391676,1.988768433,-1.870765581,-1.299698308,-1.089421813,-0.317197575,0.943988731,0.772823075,-1.052681844,0.301339186,-0.377915822,0.272044862,1.047324777,0.423561647,0.80571495,-0.229567217,-0.140709343,1.9888451
China,-0.802203446,-0.285495914,-1.340891543,-1.274588361,-1.34747416,-1.690895281,2.517747375,-1.896522439,-1.273599557,-0.839987364,-0.317197575,1.417861839,1.133725431,-1.038910891,0.742384037,-0.377915822,0.207965614,0.925756952,1.324905873,1.833283326,0.184258808,0.311531981,2.791878115
China,-0.654553788,-0.285495914,-1.265804962,-1.269480956,-1.29853771,-1.666213434,2.430488208,-1.815312834,-1.249789217,-0.758734849,-0.317197575,1.667171981,1.366707859,-1.006432534,1.269819846,-0.377915822,1.107742188,2.091872064,1.906430911,1.973038387,0.246545384,0.560477416,3.139859088
China,-0.877761149,-0.285495914,-1.390832953,-1.306809653,-1.313560572,-1.699296884,1.817143376,-1.896522439,-1.282319012,-1.096980453,-0.317197575,0.966264844,0.761386785,-1.06514849,0.798955933,-0.377915822,0.560378597,1.457589436,1.161424419,1.112611299,-0.208585904,-0.050779594,2.443897142
China,-0.728033527,-0.285495914,-1.226073055,-1.286308215,-1.284304034,-1.681833114,2.371917048,-1.822962563,-1.275882398,-0.89078348,-0.317197575,1.477763024,1.303588349,-1.008817593,1.101045489,-0.377915822,0.740025531,1.863956956,1.161424419,1.407769026,0.000329757,0.300745051,2.577735978
China,0.108085236,-0.285495914,0.974868598,0.79312898,0.785762292,0.933809523,-0.310284557,1.130603229,0.831704469,1.146071437,0.601665657,-0.362143276,-0.506938862,0.624190623,-0.281148818,3.931719537,-0.244330254,-0.500507762,-0.320621828,0.083908975,0.246893498,-0.201470772,-0.099040738
China,-0.034779137,-0.285495914,0.97427848,-1.411503603,0.517521476,0.790858222,-0.362464652,0.989629956,0.672669665,0.862858133,-0.317197575,-0.475366944,-0.475538265,0.296266625,-0.408636395,-0.377915822,-0.50571503,-0.461223634,-0.393078939,-0.422631519,0.081751827,-0.270096278,-0.072272971
China,-0.102699173,-0.285495914,0.297633695,0.323417675,0.588979947,0.507039621,-0.371507535,0.452948496,0.452813792,0.577956362,-0.317197575,-0.524284552,-0.519892874,0.2456096,-0.264005763,-0.377915822,-0.350021392,-0.551387354,-0.470512779,-0.53870575,-0.071679247,-0.459952003,-0.339950643
China,-0.007001468,-0.285495914,0.285788316,0.652257819,0.710331983,0.647392871,-0.325944312,0.661178728,0.71755845,0.741906708,-0.317197575,-0.387300754,-0.463040533,0.310856115,-0.176792883,-0.377915822,-0.388215522,-0.29609876,-0.32383449,-0.175853379,0.037215223,-0.387373429,-0.339950643
China,-0.203213003,-0.285495914,0.511003166,0.413759217,0.445187725,0.713570821,-0.387974712,0.376235522,0.287143509,0.593961397,-0.317197575,-0.482014785,-0.539708685,0.220984157,-0.677305425,-0.377915822,-0.305355283,-0.588132337,-0.418748042,-0.444226878,-0.140538268,-0.410231626,-0.125808506
China,-0.102784268,-0.285495914,0.622745355,0.393523536,0.230448027,0.651730918,-0.398693449,0.338290385,0.371850275,0.720199128,-0.317197575,-0.444914654,-0.508597537,0.293179215,-0.343376588,-0.377915822,-0.448499681,-0.584388232,-0.429736976,-0.435387338,-0.081604136,-0.3069963,-0.55409278
China,-0.172382781,-0.285495914,0.691614815,0.526395111,0.433267034,-1.699296884,-0.41782693,0.555700759,0.434915516,0.58543242,-0.317197575,-0.485634712,-0.53116565,0.315741497,-0.218891064,-0.377915822,-0.427131337,-0.525719708,-0.505856886,-0.416232084,0.009590014,-0.431584568,-0.55409278
China,-0.133662178,-0.285495914,0.402396996,0.416858638,0.620359404,0.525499049,-0.285579402,0.792732284,0.506225423,-1.915116775,-0.317197575,-0.406078671,-0.530854225,0.363805905,-0.30053802,-0.377915822,-0.364875987,-0.37178148,-0.398017575,-0.177657918,-0.016389745,-0.38027836,-0.55409278
China,-0.031183177,-0.285495914,0.240878154,0.610007446,0.38696055,0.695948416,-0.302419817,0.574496399,0.70650317,0.6703236,-0.317197575,-0.41825681,-0.496012619,0.312926044,-0.203409475,-0.377915822,-0.474435163,-0.512553461,-0.424057947,-0.447792173,0.051292602,-0.271393454,-0.55409278
China,-0.182615832,-0.285495914,0.382873817,0.522159914,0.34453753,0.634036504,-0.364940133,0.654333667,0.721546734,0.517348119,-0.317197575,-0.37598537,-0.459856919,0.2215212,-0.134390658,-0.377915822,-0.386573495,-0.490309034,-0.587868286,-0.643138408,-0.037544345,-0.444119809,-0.55409278
China,-0.152706801,-0.285495914,0.191511827,0.49326198,0.205399089,0.539943403,-0.405660726,0.380087903,0.413898894,0.568333242,-0.317197575,-0.44649056,-0.532509975,0.156954886,-0.386891893,-0.377915822,-0.437154781,-0.507029307,-0.610275904,-0.711161416,-0.094921762,-0.511112112,-0.55409278
China,-0.020036073,-0.285495914,0.414084301,0.636928707,0.547808946,0.740784769,-0.380293982,0.91161935,0.491447288,0.979737804,-0.317197575,-0.415390416,-0.467993283,0.395650311,-0.540490021,-0.377915822,-0.406561224,-0.554047105,-0.58789082,-0.311431659,0.066910182,-0.470680493,-0.55409278
China,0.094987239,-0.285495914,0.955782264,0.898670122,0.913667227,0.971391437,-0.227160152,0.887244431,0.610347172,1.078513396,-0.317197575,-0.204135345,-0.417118141,0.451427245,-0.233279825,-0.377915822,-0.477544543,-0.425576001,-0.263812226,-0.002164527,0.280930747,-0.280631299,-0.55409278
China,0.010069703,-0.285495914,0.633380637,0.680896018,0.307645789,0.741028604,-0.291313849,0.748075338,0.680248781,1.026615677,-0.317197575,-0.316891589,-0.493952278,0.539284855,-0.152743844,-0.377915822,-0.278703512,-0.209907723,-0.381420969,-0.373269032,0.182554237,-0.264916426,-0.55409278
China,-0.049508494,-0.285495914,0.55039282,0.607551042,0.409781361,0.652553326,-0.395490644,0.666803439,0.459892618,0.844278741,-0.317197575,-0.331447425,-0.498107353,0.35521034,-0.117025881,-0.377915822,-0.382475821,-0.532063686,-0.341034141,-0.456800273,0.078340373,-0.490483021,-0.55409278
China,-0.225723374,-0.285495914,0.132087808,0.22089921,0.325623926,0.384152279,-0.380374878,0.443128085,0.171444555,0.466839241,-0.317197575,-0.395860936,-0.472925358,0.200672698,-0.363225803,-0.377915822,-0.398638481,-0.571109032,-0.373577632,-0.30078977,-0.048820736,-0.457475857,-0.313182876
China,-0.065779834,-0.285495914,0.318308294,0.659266523,0.573394657,0.577984468,-0.279652414,1.013725724,0.498578868,0.763838392,-0.317197575,-0.352312599,-0.481305139,0.414355562,-0.029120746,-0.377915822,-0.561516588,-0.609009541,-0.379529748,-0.243847929,-0.066292284,-0.274385372,-0.55409278
China,-0.206743571,-0.285495914,0.099603538,0.473686395,0.1303433,0.596004708,-0.408269765,0.546459727,0.349419646,0.471585236,-0.317197575,-0.499705593,-0.507236958,0.2456096,-0.430728339,-0.377915822,-0.429824614,-0.699304069,-0.545493664,-0.575126346,-0.187075042,-0.378191367,-0.55409278
China,-0.061692724,-0.285495914,0.522538451,0.720150864,0.805589718,0.821526495,-0.406076436,0.634160771,0.618244839,0.804399217,-0.317197575,-0.393325954,-0.516259223,0.344402303,-0.109950252,-0.377915822,-0.420553034,-0.481480809,-0.514561333,-0.548809853,0.271247843,-0.266699269,-0.55409278
China,0.065406879,-0.285495914,0.412192623,0.610193504,0.810493816,0.773811538,-0.347021253,0.838546115,0.696260564,0.956760128,-0.317197575,-0.342441049,-0.50076031,0.409318614,0.007686361,-0.377915822,-0.391934867,-0.307719487,-0.475896723,-0.229203656,0.213994611,-0.413566211,-0.262324118
China,-0.91037179,-0.285495914,-1.209325059,-1.080631553,-1.164123476,-1.384092764,-0.027750872,-1.457816055,-1.123151586,-1.000213666,-0.317197575,-0.253143462,-0.303372629,-0.943686752,-0.367133154,-0.377915822,-0.315755857,-0.640258668,-0.499512577,-0.73449491,-0.538239404,-0.55919353,0.1954047
China,-0.88287539,-0.285495914,-0.764505868,-0.683622918,-0.76751699,-0.519572556,-0.616941536,-0.152175847,-0.775487362,-1.295876522,-0.317197575,-0.863009874,-0.624482644,-0.644118173,-0.880744632,-0.377915822,-0.57423151,-0.675273641,-0.625191604,-1.036528564,-0.670998085,-0.639590581,-0.313182876
China,-0.138461455,-0.285495914,0.651799172,0.530867875,0.588783653,0.577984468,-0.39605452,0.476089482,0.445738281,0.777133409,-0.317197575,-0.445703444,-0.519593477,0.276171542,-0.206327889,-0.377915822,-0.46376718,-0.593249494,-0.596417679,-0.415009843,0.219421098,-0.389280234,-0.55409278
China,0.064201562,-0.285495914,0.556547089,0.660447348,0.901012296,0.931839952,-0.301456986,0.813005646,0.839230508,1.0607495,-0.317197575,-0.338184397,-0.475037191,0.382453524,-0.039068236,-0.377915822,-0.541706532,-0.330018083,-0.398752066,-0.510643095,0.147022805,-0.391789141,-0.55409278
China,-0.472263783,-0.285495914,-0.609575007,-0.157089493,-0.490038545,0.112157166,-0.317251527,0.92683895,-0.401474932,-0.797016613,-0.317197575,-0.589278748,-0.475670767,-0.349766717,-0.519696055,-0.377915822,-0.47817869,-0.513977282,-0.297853671,-0.181164108,-0.145018395,-0.504690867,-0.17934404
China,-0.89173522,-0.285495914,-0.909605811,-0.572324895,-0.636827174,-0.361227585,-0.578072398,-0.031918317,-0.670457789,-1.276173683,-0.317197575,-0.93295979,-0.627663267,-0.680652709,-0.759026288,-0.377915822,-0.654446838,-0.789683616,-0.616357857,-1.073343925,-0.77140317,-0.626331489,-0.339950643
China,-0.788092023,-0.285495914,-0.812658547,-0.508124038,-0.645258101,-0.173561135,-0.520558099,0.338600449,-0.458540507,-1.13051689,-0.317197575,-0.842665899,-0.628861047,-0.535167792,-0.612382277,-0.377915822,-0.577077078,-0.7593952,-0.614176917,-0.703352937,-0.59597,-0.616675272,-0.55409278
China,-0.919133961,-0.285495914,-1.124611575,-1.029858456,-1.040092878,-1.363762155,0.125800019,-1.557137473,-1.064348988,-1.03952171,-0.317197575,-0.231429913,-0.27567629,-0.827058507,-0.484516221,2.607996351,-0.279204355,-0.127617103,-0.490488367,-0.261667109,-0.260505457,-0.425418331,0.489850139
China,-0.083900696,-0.285495914,0.44199526,0.58401171,0.436613479,0.522946983,-0.423893798,0.521030731,0.616547727,0.814974826,-0.317197575,-0.539561221,-0.534372084,0.229030578,-0.104651552,1.18960137,-0.496855155,-0.643165945,-0.382698415,-0.488809125,0.147022805,-0.571509623,-0.55409278
China,-0.971743541,-0.285495914,-1.214572016,-1.082635869,-1.154701456,-1.373611794,-0.071956608,-1.484892324,-1.152153706,-1.071891145,-0.317197575,-0.34668007,-0.332031132,-0.916805152,-0.500575128,1.317915831,-0.254737823,-0.442378378,-0.518759575,-0.744433372,-0.438075974,-0.461680391,0.463082372
China,-0.252775455,-0.285495914,0.272222907,0.38133561,0.522201774,0.376789113,-0.45207317,0.411545818,0.198029971,0.418641257,-0.317197575,-0.535838769,-0.579803153,0.226302701,-0.064551233,1.25549258,-0.432628013,-0.45507945,-0.5388312,-0.749127508,-0.118467804,-0.418989117,-0.55409278
China,-0.253957641,-0.285495914,0.409855956,0.705798785,0.746178546,0.717299281,-0.417955087,0.659903812,0.404451974,0.601158075,-0.317197575,-0.480961949,-0.597684299,0.289650336,-0.266378421,-0.377915822,-0.394361534,-0.441103339,-0.377676619,-0.434893334,0.058574597,-0.458191296,-0.55409278
China,-0.010793031,-0.285495914,0.769526697,0.709438259,0.413425794,0.942634985,-0.394317473,0.398175595,0.416656568,0.817715479,-0.317197575,-0.433434598,-0.498130758,0.373146686,-0.146397555,-0.377915822,-0.550147705,-0.243389928,-0.592575146,-0.140150805,0.105275629,-0.377428114,-0.206111807
China,-0.91618592,-0.285495914,-0.833200129,-0.619602426,-0.87684331,-0.462978665,-0.608101936,0.075923305,-0.803712071,-1.304698398,-0.317197575,-0.940344616,-0.663155094,-0.735055706,-0.861431177,-0.377915822,-0.659561786,-0.926028792,-0.769756016,-0.999749688,-0.727621144,-0.74162303,-0.420253944
China,-0.028678313,-0.285495914,0.468014124,0.625187615,0.577395664,0.725275599,-0.327728006,0.527801087,0.61293908,0.729364385,-0.317197575,-0.404828957,-0.505096713,0.417692676,-0.284827608,-0.377915822,-0.311305435,-0.515427581,-0.533800283,-0.277196504,0.23874364,-0.295465597,-0.36671841
China,0.56692805,-0.285495914,1.60396857,0.889314,1.018351978,0.388195158,1.776505091,-0.037062709,1.107012171,-0.153571943,-0.317197575,1.715398793,0.67759716,1.443298986,2.497214835,-0.377915822,0.131805591,0.948449671,0.15190234,1.655819756,2.28231126,1.076056813,0.757527811
China,2.043096532,-0.285495914,3.897785129,3.698938464,3.828336814,2.230748827,3.14683832,0.859717117,3.783373589,2.119740347,-0.317197575,4.41228438,2.154101109,5.152494237,5.412348653,-0.377915822,0.970062689,1.323703001,1.626105787,3.91212207,5.630624462,2.836196475,1.587328593
China,-0.789333034,-0.285495914,-0.878882707,-0.565926913,-0.880092995,-0.343920669,-0.584140309,-0.017702444,-0.759073892,-1.354268107,-0.317197575,-0.945435658,-0.629485781,-0.64593286,-0.810520417,-0.377915822,-0.655785282,-0.829193772,-0.867925152,-1.071615275,-0.736707784,-0.768470156,-0.313182876
